Angle (deg),Average Power (nJ)
0.0,3.284263565891473
50.0,2.623953488372093
100.0,7.9352427184466
150.0,21.425581395348836
200.0,55.455339805825254
250.0,95.20077519379848
300.0,87116504974.18263
350.0,62.79612403100775
