Angle (deg),Average Power (nJ)
0.0,2.3722222222222213
50.0,2.70398148148148
