Angle (deg),Average Power (nJ)
0.0,2.4675939849624067
1.0,2.003836477987421
2.0,1.5253459119496837
3.0,1.259323308270676
