Angle (deg),Average Power (nJ)
0.0,3.0862135922330087
100.0,7.450310077519378
200.0,56.069902912621366
300.0,121.38062015503876
