Angle (deg),Average Power (nJ)
0.0,2.4608737864077668
50.0,2.531782945736432
100.0,7.500394736842103
150.0,20.14651162790698
200.0,54.05048543689319
250.0,92.1448717948718
